{
  "luis_schema_version": "7.0.0",
  "intents": [
    {
      "name": "HomeAutomation",
      "features": []
    },
    {
      "name": "None",
      "features": []
    }
  ],
  "entities": [
    {
      "name": "Device",
      "children": [],
      "roles": [],
      "features": []
    },
    {
      "name": "deviceProperty",
      "children": [],
      "roles": [],
      "features": []
    },
    {
      "name": "Room",
      "children": [],
      "roles": [],
      "features": []
    }
  ],
  "hierarchicals": [],
  "composites": [],
  "closedLists": [
    {
      "name": "Operation",
      "subLists": [
        {
          "canonicalForm": "off",
          "list": [
            "turn off",
            "switch off",
            "lock",
            "out",
            "shut down",
            "stop"
          ]
        },
        {
          "canonicalForm": "on",
          "list": [
            "turn on",
            "switch on",
            "unlock",
            "un lock",
            "boot up",
            "start"
          ]
        }
      ],
      "roles": []
    }
  ],
  "prebuiltEntities": [
    {
      "name": "number",
      "roles": []
    }
  ],
  "utterances": [
    {
      "text": "breezeway on please",
      "intent": "HomeAutomation",
      "entities": [
        {
          "entity": "Room",
          "startPos": 0,
          "endPos": 8,
          "children": []
        }
      ]
    },
    {
      "text": "change temperature to seventy two degrees",
      "intent": "HomeAutomation",
      "entities": [
        {
          "entity": "deviceProperty",
          "startPos": 7,
          "endPos": 17,
          "children": []
        }
      ]
    },
    {
      "text": "coffee bar on please",
      "intent": "HomeAutomation",
      "entities": [
        {
          "entity": "Device",
          "startPos": 0,
          "endPos": 9,
          "children": []
        }
      ]
    },
    {
      "text": "decrease temperature for me please",
      "intent": "HomeAutomation",
      "entities": [
        {
          "entity": "deviceProperty",
          "startPos": 9,
          "endPos": 19,
          "children": []
        }
      ]
    },
    {
      "text": "dim kitchen lights to 25 .",
      "intent": "HomeAutomation",
      "entities": [
        {
          "entity": "Room",
          "startPos": 4,
          "endPos": 10,
          "children": []
        },
        {
          "entity": "Device",
          "startPos": 12,
          "endPos": 17,
          "children": []
        }
      ]
    },
    {
      "text": "fish pond off please",
      "intent": "HomeAutomation",
      "entities": [
        {
          "entity": "Device",
          "startPos": 0,
          "endPos": 8,
          "children": []
        }
      ]
    },
    {
      "text": "fish pond on please",
      "intent": "HomeAutomation",
      "entities": [
        {
          "entity": "Device",
          "startPos": 0,
          "endPos": 8,
          "children": []
        }
      ]
    },
    {
      "text": "illuminate please",
      "intent": "HomeAutomation",
      "entities": [
        {
          "entity": "Device",
          "startPos": 0,
          "endPos": 9,
          "children": []
        }
      ]
    },
    {
      "text": "living room lamp on please",
      "intent": "HomeAutomation",
      "entities": [
        {
          "entity": "Room",
          "startPos": 0,
          "endPos": 10,
          "children": []
        },
        {
          "entity": "Device",
          "startPos": 12,
          "endPos": 15,
          "children": []
        }
      ]
    },
    {
      "text": "living room lamps off please",
      "intent": "HomeAutomation",
      "entities": [
        {
          "entity": "Room",
          "startPos": 0,
          "endPos": 10,
          "children": []
        },
        {
          "entity": "Device",
          "startPos": 12,
          "endPos": 16,
          "children": []
        }
      ]
    },
    {
      "text": "lock the doors for me please",
      "intent": "HomeAutomation",
      "entities": [
        {
          "entity": "Device",
          "startPos": 9,
          "endPos": 13,
          "children": []
        }
      ]
    },
    {
      "text": "lower your volume",
      "intent": "HomeAutomation",
      "entities": [
        {
          "entity": "deviceProperty",
          "startPos": 11,
          "endPos": 16,
          "children": []
        }
      ]
    },
    {
      "text": "make camera 1 off please",
      "intent": "HomeAutomation",
      "entities": [
        {
          "entity": "Device",
          "startPos": 5,
          "endPos": 12,
          "children": []
        }
      ]
    },
    {
      "text": "make some coffee",
      "intent": "HomeAutomation",
      "entities": [
        {
          "entity": "Device",
          "startPos": 10,
          "endPos": 15,
          "children": []
        }
      ]
    },
    {
      "text": "play dvd",
      "intent": "HomeAutomation",
      "entities": [
        {
          "entity": "Device",
          "startPos": 5,
          "endPos": 7,
          "children": []
        }
      ]
    },
    {
      "text": "set lights out in bedroom",
      "intent": "HomeAutomation",
      "entities": [
        {
          "entity": "Device",
          "startPos": 4,
          "endPos": 9,
          "children": []
        },
        {
          "entity": "Room",
          "startPos": 18,
          "endPos": 24,
          "children": []
        }
      ]
    },
    {
      "text": "set lights to bright",
      "intent": "HomeAutomation",
      "entities": [
        {
          "entity": "Device",
          "startPos": 4,
          "endPos": 9,
          "children": []
        },
        {
          "entity": "deviceProperty",
          "startPos": 14,
          "endPos": 19,
          "children": []
        }
      ]
    },
    {
      "text": "set lights to concentrate",
      "intent": "HomeAutomation",
      "entities": [
        {
          "entity": "Device",
          "startPos": 4,
          "endPos": 9,
          "children": []
        },
        {
          "entity": "deviceProperty",
          "startPos": 14,
          "endPos": 24,
          "children": []
        }
      ]
    },
    {
      "text": "shut down my work computer",
      "intent": "HomeAutomation",
      "entities": [
        {
          "entity": "Device",
          "startPos": 18,
          "endPos": 25,
          "children": []
        }
      ]
    },
    {
      "text": "snap switch fan fifty percent",
      "intent": "HomeAutomation",
      "entities": [
        {
          "entity": "Device",
          "startPos": 12,
          "endPos": 14,
          "children": []
        }
      ]
    },
    {
      "text": "start master bedroom light.",
      "intent": "HomeAutomation",
      "entities": [
        {
          "entity": "Room",
          "startPos": 6,
          "endPos": 19,
          "children": []
        },
        {
          "entity": "Device",
          "startPos": 21,
          "endPos": 25,
          "children": []
        }
      ]
    },
    {
      "text": "theater on please",
      "intent": "HomeAutomation",
      "entities": [
        {
          "entity": "Room",
          "startPos": 0,
          "endPos": 6,
          "children": []
        }
      ]
    },
    {
      "text": "turn dimmer off",
      "intent": "HomeAutomation",
      "entities": [
        {
          "entity": "Device",
          "startPos": 5,
          "endPos": 10,
          "children": []
        }
      ]
    },
    {
      "text": "turn off ac please",
      "intent": "HomeAutomation",
      "entities": [
        {
          "entity": "Device",
          "startPos": 9,
          "endPos": 10,
          "children": []
        }
      ]
    },
    {
      "text": "turn off foyer lights",
      "intent": "HomeAutomation",
      "entities": [
        {
          "entity": "Room",
          "startPos": 9,
          "endPos": 13,
          "children": []
        },
        {
          "entity": "Device",
          "startPos": 15,
          "endPos": 20,
          "children": []
        }
      ]
    },
    {
      "text": "turn off living room light",
      "intent": "HomeAutomation",
      "entities": [
        {
          "entity": "Room",
          "startPos": 9,
          "endPos": 19,
          "children": []
        },
        {
          "entity": "Device",
          "startPos": 21,
          "endPos": 25,
          "children": []
        }
      ]
    },
    {
      "text": "turn off staircase",
      "intent": "HomeAutomation",
      "entities": [
        {
          "entity": "Device",
          "startPos": 9,
          "endPos": 17,
          "children": []
        }
      ]
    },
    {
      "text": "turn off venice lamp",
      "intent": "HomeAutomation",
      "entities": [
        {
          "entity": "Device",
          "startPos": 16,
          "endPos": 19,
          "children": []
        }
      ]
    },
    {
      "text": "turn on bathroom heater",
      "intent": "HomeAutomation",
      "entities": [
        {
          "entity": "Room",
          "startPos": 8,
          "endPos": 15,
          "children": []
        },
        {
          "entity": "Device",
          "startPos": 17,
          "endPos": 22,
          "children": []
        }
      ]
    },
    {
      "text": "turn on external speaker",
      "intent": "HomeAutomation",
      "entities": [
        {
          "entity": "Device",
          "startPos": 8,
          "endPos": 23,
          "children": []
        }
      ]
    },
    {
      "text": "turn on kitchen faucet",
      "intent": "HomeAutomation",
      "entities": [
        {
          "entity": "Room",
          "startPos": 8,
          "endPos": 14,
          "children": []
        },
        {
          "entity": "Device",
          "startPos": 16,
          "endPos": 21,
          "children": []
        }
      ]
    },
    {
      "text": "turn on light in bedroom",
      "intent": "HomeAutomation",
      "entities": [
        {
          "entity": "Device",
          "startPos": 8,
          "endPos": 12,
          "children": []
        },
        {
          "entity": "Room",
          "startPos": 17,
          "endPos": 23,
          "children": []
        }
      ]
    },
    {
      "text": "turn on my bedroom lights.",
      "intent": "HomeAutomation",
      "entities": [
        {
          "entity": "Room",
          "startPos": 11,
          "endPos": 17,
          "children": []
        },
        {
          "entity": "Device",
          "startPos": 19,
          "endPos": 24,
          "children": []
        }
      ]
    },
    {
      "text": "turn on the furnace room lights",
      "intent": "HomeAutomation",
      "entities": [
        {
          "entity": "Room",
          "startPos": 12,
          "endPos": 23,
          "children": []
        },
        {
          "entity": "Device",
          "startPos": 25,
          "endPos": 30,
          "children": []
        }
      ]
    },
    {
      "text": "turn on the internet in my bedroom please",
      "intent": "HomeAutomation",
      "entities": [
        {
          "entity": "Room",
          "startPos": 27,
          "endPos": 33,
          "children": []
        }
      ]
    },
    {
      "text": "turn on thermostat please",
      "intent": "HomeAutomation",
      "entities": [
        {
          "entity": "Device",
          "startPos": 8,
          "endPos": 17,
          "children": []
        }
      ]
    },
    {
      "text": "turn the fan to high",
      "intent": "HomeAutomation",
      "entities": [
        {
          "entity": "Device",
          "startPos": 9,
          "endPos": 11,
          "children": []
        }
      ]
    },
    {
      "text": "turn thermostat on 70.",
      "intent": "HomeAutomation",
      "entities": [
        {
          "entity": "Device",
          "startPos": 5,
          "endPos": 14,
          "children": []
        }
      ]
    }
  ],
  "versionId": "0.1",
  "name": "HomeAutomation",
  "desc": "Home Automation LUIS application - Bot Builder Samples",
  "culture": "en-us",
  "tokenizerVersion": "1.0.0",
  "patternAnyEntities": [
    {
      "name": "Device_PatternAny",
      "roles": [],
      "explicitList": []
    },
    {
      "name": "Room_PatternAny",
      "roles": [],
      "explicitList": []
    }
  ],
  "regex_entities": [],
  "phraselists": [],
  "regex_features": [],
  "patterns": [
    {
      "pattern": "turn on {Device_PatternAny}",
      "intent": "HomeAutomation"
    },
    {
      "pattern": "{Device_PatternAny} off [please]",
      "intent": "HomeAutomation"
    },
    {
      "pattern": "{Device_PatternAny} in {Room_PatternAny} off [please]",
      "intent": "HomeAutomation"
    },
    {
      "pattern": "{Device_PatternAny} in {Room_PatternAny} on [please]",
      "intent": "HomeAutomation"
    },
    {
      "pattern": "{Device_PatternAny} on [please]",
      "intent": "HomeAutomation"
    },
    {
      "pattern": "turn on {Device_PatternAny} in {Room_PatternAny}",
      "intent": "HomeAutomation"
    },
    {
      "pattern": "turn off {Device_PatternAny} in {Room_PatternAny}",
      "intent": "HomeAutomation"
    }
  ],
  "settings": []
}